Alabama,Alabama,155395
Alabama,Alaska,751
Alabama,Arizona,1045
Alabama,Arkansas,603
Alabama,California,2719
Alabama,Colorado,2218
Alabama,Connecticut,466
Alabama,Florida,12699
Alabama,Georgia,16541
Alabama,Hawaii,722
Alabama,Idaho,223
Alabama,Illinois,1771
Alabama,Indiana,1756
Alabama,Iowa,291
Alabama,Kansas,833
Alabama,Kentucky,2043
Alabama,Louisiana,3120
Alabama,Michigan,2863
Alabama,Mississippi,7306
Alabama,Missouri,1230
Alabama,Nevada,428
Alabama,New Hampshire,174
Alabama,New Mexico,610
Alabama,New York,1769
Alabama,North Carolina,3924
Alabama,Ohio,1929
Alabama,Pennsylvania,1035
Alabama,South Carolina,2289
Alabama,South Dakota,84
Alabama,Tennessee,9408
Alabama,Texas,8905
Alabama,Utah,342
Alabama,Virginia,3623
Alabama,Washington,1358
Alabama,Wisconsin,481
Alabama,Wyoming,105
Alabama,Delaware,127
Alabama,Maine,229
Alabama,Maryland,1281
Alabama,Massachusetts,672
Alabama,Montana,165
Alabama,Nebraska,223
Alabama,New Jersey,491
Alabama,North Dakota,164
Alabama,Oklahoma,1101
Alabama,Oregon,661
Alabama,West Virginia,304
Alabama,Puerto Rico,175
Alabama,Minnesota,519
Alabama,Rhode Island,79
Alabama,Vermont,21
Alabama,District of Columbia,176
Alabama,Total Arriving,102052
Alaska,Alabama,1421
Alaska,Alaska,18940
Alaska,Arizona,3436
Alaska,Arkansas,747
Alaska,California,7105
Alaska,Colorado,2435
Alaska,Connecticut,627
Alaska,Florida,7699
Alaska,Georgia,2682
Alaska,Hawaii,1122
Alaska,Idaho,2533
Alaska,Illinois,1921
Alaska,Indiana,316
Alaska,Iowa,836
Alaska,Kansas,794
Alaska,Kentucky,1248
Alaska,Louisiana,934
Alaska,Michigan,2490
Alaska,Mississippi,381
Alaska,Missouri,1214
Alaska,Nevada,1199
Alaska,New Hampshire,207
Alaska,New Mexico,612
Alaska,New York,4968
Alaska,North Carolina,2549
Alaska,Ohio,1387
Alaska,Pennsylvania,1281
Alaska,South Carolina,1171
Alaska,South Dakota,360
Alaska,Tennessee,1215
Alaska,Texas,7855
Alaska,Utah,1758
Alaska,Virginia,2638
Alaska,Washington,4148
Alaska,Wisconsin,515
Alaska,Wyoming,331
Alaska,Delaware,265
Alaska,Maine,259
Alaska,Maryland,1781
Alaska,Massachusetts,1210
Alaska,Montana,1185
Alaska,Nebraska,384
Alaska,New Jersey,680
Alaska,North Dakota,545
Alaska,Oklahoma,1223
Alaska,Oregon,2913
Alaska,West Virginia,929
Alaska,Puerto Rico,117
Alaska,Minnesota,1085
Alaska,Rhode Island,461
Alaska,Vermont,203
Alaska,District of Columbia,600
Alaska,Total Arriving,85975
Arizona,Alabama,1104
Arizona,Alaska,1538
Arizona,Arizona,121806
Arizona,Arkansas,1048
Arizona,California,36109
Arizona,Colorado,10407
Arizona,Connecticut,1461
Arizona,Florida,6669
Arizona,Georgia,3701
Arizona,Hawaii,1739
Arizona,Idaho,3393
Arizona,Illinois,6429
Arizona,Indiana,3204
Arizona,Iowa,1469
Arizona,Kansas,2348
Arizona,Kentucky,1952
Arizona,Louisiana,1541
Arizona,Michigan,4256
Arizona,Mississippi,576
Arizona,Missouri,3021
Arizona,Nevada,7879
Arizona,New Hampshire,314
Arizona,New Mexico,7062
Arizona,New York,3561
Arizona,North Carolina,3546
Arizona,Ohio,4611
Arizona,Pennsylvania,2926
Arizona,South Carolina,1995
Arizona,South Dakota,756
Arizona,Tennessee,2548
Arizona,Texas,19489
Arizona,Utah,7533
Arizona,Virginia,3843
Arizona,Washington,9271
Arizona,Wisconsin,3047
Arizona,Wyoming,1211
Arizona,Delaware,225
Arizona,Maine,347
Arizona,Maryland,1409
Arizona,Massachusetts,1672
Arizona,Montana,1737
Arizona,Nebraska,2204
Arizona,New Jersey,1675
Arizona,North Dakota,1150
Arizona,Oklahoma,3256
Arizona,Oregon,6772
Arizona,West Virginia,227
Arizona,Puerto Rico,232
Arizona,Minnesota,3026
Arizona,Rhode Island,228
Arizona,Vermont,150
Arizona,District of Columbia,333
Arizona,Total Arriving,196200
Arkansas,Alabama,951
Arkansas,Alaska,258
Arkansas,Arizona,1096
Arkansas,Arkansas,103581
Arkansas,California,3520
Arkansas,Colorado,1322
Arkansas,Connecticut,123
Arkansas,Florida,2627
Arkansas,Georgia,1310
Arkansas,Hawaii,166
Arkansas,Idaho,345
Arkansas,Illinois,2025
Arkansas,Indiana,834
Arkansas,Iowa,519
Arkansas,Kansas,1637
Arkansas,Kentucky,630
Arkansas,Louisiana,2379
Arkansas,Michigan,1384
Arkansas,Mississippi,2899
Arkansas,Missouri,6562
Arkansas,Nevada,732
Arkansas,New Hampshire,148
Arkansas,New Mexico,355
Arkansas,New York,665
Arkansas,North Carolina,910
Arkansas,Ohio,903
Arkansas,Pennsylvania,833
Arkansas,South Carolina,900
Arkansas,South Dakota,167
Arkansas,Tennessee,5072
Arkansas,Texas,14401
Arkansas,Utah,398
Arkansas,Virginia,714
Arkansas,Washington,1249
Arkansas,Wisconsin,350
Arkansas,Wyoming,189
Arkansas,Delaware,0
Arkansas,Maine,20
Arkansas,Maryland,267
Arkansas,Massachusetts,266
Arkansas,Montana,210
Arkansas,Nebraska,396
Arkansas,New Jersey,90
Arkansas,North Dakota,101
Arkansas,Oklahoma,7202
Arkansas,Oregon,486
Arkansas,West Virginia,102
Arkansas,Puerto Rico,31
Arkansas,Minnesota,672
Arkansas,Rhode Island,0
Arkansas,Vermont,13
Arkansas,District of Columbia,69
Arkansas,Total Arriving,68498
California,Alabama,3602
California,Alaska,3478
California,Arizona,46702
California,Arkansas,3979
California,California,1067311
California,Colorado,23322
California,Connecticut,4461
California,Florida,22845
California,Georgia,13648
California,Hawaii,11894
California,Idaho,9660
California,Illinois,15680
California,Indiana,7764
California,Iowa,4261
California,Kansas,5920
California,Kentucky,2858
California,Louisiana,4366
California,Michigan,7819
California,Mississippi,3629
California,Missouri,8851
California,Nevada,41982
California,New Hampshire,1412
California,New Mexico,6381
California,New York,24451
California,North Carolina,14410
California,Ohio,8897
California,Pennsylvania,9484
California,South Carolina,6647
California,South Dakota,1413
California,Tennessee,7809
California,Texas,64360
California,Utah,15059
California,Virginia,17057
California,Washington,41526
California,Wisconsin,5138
California,Wyoming,2338
California,Delaware,967
California,Maine,1509
California,Maryland,7823
California,Massachusetts,12340
California,Montana,3972
California,Nebraska,4178
California,New Jersey,6412
California,North Dakota,1768
California,Oklahoma,8764
California,Oregon,32118
California,West Virginia,1165
California,Puerto Rico,649
California,Minnesota,6182
California,Rhode Island,2072
California,Vermont,1000
California,District of Columbia,3535
California,Total Arriving,567557
Colorado,Alabama,907
Colorado,Alaska,1729
Colorado,Arizona,9365
Colorado,Arkansas,1615
Colorado,California,16958
Colorado,Colorado,249282
Colorado,Connecticut,1063
Colorado,Florida,7908
Colorado,Georgia,3956
Colorado,Hawaii,1342
Colorado,Idaho,1565
Colorado,Illinois,3829
Colorado,Indiana,2009
Colorado,Iowa,2713
Colorado,Kansas,4757
Colorado,Kentucky,761
Colorado,Louisiana,1344
Colorado,Michigan,2213
Colorado,Mississippi,789
Colorado,Missouri,2916
Colorado,Nevada,3525
Colorado,New Hampshire,391
Colorado,New Mexico,4187
Colorado,New York,3609
Colorado,North Carolina,3663
Colorado,Ohio,3010
Colorado,Pennsylvania,2727
Colorado,South Carolina,1676
Colorado,South Dakota,1333
Colorado,Tennessee,1668
Colorado,Texas,18439
Colorado,Utah,5175
Colorado,Virginia,3907
Colorado,Washington,4793
Colorado,Wisconsin,1967
Colorado,Wyoming,4943
Colorado,Delaware,108
Colorado,Maine,401
Colorado,Maryland,1695
Colorado,Massachusetts,1514
Colorado,Montana,2551
Colorado,Nebraska,3288
Colorado,New Jersey,1017
Colorado,North Dakota,817
Colorado,Oklahoma,4031
Colorado,Oregon,3429
Colorado,West Virginia,300
Colorado,Puerto Rico,137
Colorado,Minnesota,2646
Colorado,Rhode Island,150
Colorado,Vermont,559
Colorado,District of Columbia,481
Colorado,Total Arriving,155876
Connecticut,Alabama,830
Connecticut,Alaska,96
Connecticut,Arizona,1133
Connecticut,Arkansas,543
Connecticut,California,4959
Connecticut,Colorado,1175
Connecticut,Connecticut,66381
Connecticut,Florida,10557
Connecticut,Georgia,2722
Connecticut,Hawaii,402
Connecticut,Idaho,145
Connecticut,Illinois,1430
Connecticut,Indiana,775
Connecticut,Iowa,374
Connecticut,Kansas,217
Connecticut,Kentucky,322
Connecticut,Louisiana,135
Connecticut,Michigan,945
Connecticut,Mississippi,196
Connecticut,Missouri,676
Connecticut,Nevada,443
Connecticut,New Hampshire,1970
Connecticut,New Mexico,132
Connecticut,New York,14396
Connecticut,North Carolina,3572
Connecticut,Ohio,1148
Connecticut,Pennsylvania,4467
Connecticut,South Carolina,2773
Connecticut,South Dakota,3
Connecticut,Tennessee,544
Connecticut,Texas,2234
Connecticut,Utah,251
Connecticut,Virginia,4004
Connecticut,Washington,1166
Connecticut,Wisconsin,508
Connecticut,Wyoming,5
Connecticut,Delaware,648
Connecticut,Maine,2017
Connecticut,Maryland,1635
Connecticut,Massachusetts,10863
Connecticut,Montana,29
Connecticut,Nebraska,244
Connecticut,New Jersey,2550
Connecticut,North Dakota,32
Connecticut,Oklahoma,102
Connecticut,Oregon,504
Connecticut,West Virginia,214
Connecticut,Puerto Rico,1084
Connecticut,Minnesota,498
Connecticut,Rhode Island,3297
Connecticut,Vermont,1651
Connecticut,District of Columbia,1042
Connecticut,Total Arriving,91658
Florida,Alabama,14339
Florida,Alaska,1598
Florida,Arizona,5761
Florida,Arkansas,3073
Florida,California,22174
Florida,Colorado,8435
Florida,Connecticut,6557
Florida,Florida,564976
Florida,Georgia,42374
Florida,Hawaii,3190
Florida,Idaho,1200
Florida,Illinois,14129
Florida,Indiana,8146
Florida,Iowa,2364
Florida,Kansas,2829
Florida,Kentucky,7957
Florida,Louisiana,7154
Florida,Michigan,13522
Florida,Mississippi,4736
Florida,Missouri,6516
Florida,Nevada,4018
Florida,New Hampshire,1920
Florida,New Mexico,2902
Florida,New York,30089
Florida,North Carolina,25893
Florida,Ohio,15601
Florida,Pennsylvania,16254
Florida,South Carolina,13965
Florida,South Dakota,515
Florida,Tennessee,15024
Florida,Texas,32844
Florida,Utah,2336
Florida,Virginia,19406
Florida,Washington,7108
Florida,Wisconsin,4475
Florida,Wyoming,748
Florida,Delaware,1099
Florida,Maine,2894
Florida,Maryland,8502
Florida,Massachusetts,12317
Florida,Montana,1131
Florida,Nebraska,2176
Florida,New Jersey,11973
Florida,North Dakota,735
Florida,Oklahoma,4669
Florida,Oregon,2739
Florida,West Virginia,3071
Florida,Puerto Rico,8043
Florida,Minnesota,2738
Florida,Rhode Island,2039
Florida,Vermont,1063
Florida,District of Columbia,1603
Florida,Total Arriving,435944
Georgia,Alabama,19524
Georgia,Alaska,1529
Georgia,Arizona,3218
Georgia,Arkansas,2192
Georgia,California,10961
Georgia,Colorado,5425
Georgia,Connecticut,1774
Georgia,Florida,36690
Georgia,Georgia,453503
Georgia,Hawaii,1748
Georgia,Idaho,415
Georgia,Illinois,6779
Georgia,Indiana,2511
Georgia,Iowa,1017
Georgia,Kansas,2370
Georgia,Kentucky,4758
Georgia,Louisiana,5018
Georgia,Michigan,4266
Georgia,Mississippi,3628
Georgia,Missouri,3180
Georgia,Nevada,1269
Georgia,New Hampshire,345
Georgia,New Mexico,984
Georgia,New York,8777
Georgia,North Carolina,16695
Georgia,Ohio,6184
Georgia,Pennsylvania,5066
Georgia,South Carolina,17826
Georgia,South Dakota,103
Georgia,Tennessee,15809
Georgia,Texas,18637
Georgia,Utah,1319
Georgia,Virginia,11102
Georgia,Washington,6003
Georgia,Wisconsin,1299
Georgia,Wyoming,372
Georgia,Delaware,595
Georgia,Maine,528
Georgia,Maryland,5061
Georgia,Massachusetts,2576
Georgia,Montana,256
Georgia,Nebraska,772
Georgia,New Jersey,3926
Georgia,North Dakota,278
Georgia,Oklahoma,2820
Georgia,Oregon,1034
Georgia,West Virginia,1167
Georgia,Puerto Rico,236
Georgia,Minnesota,2104
Georgia,Rhode Island,390
Georgia,Vermont,232
Georgia,District of Columbia,1243
Georgia,Total Arriving,252011
Hawaii,Alabama,622
Hawaii,Alaska,903
Hawaii,Arizona,2379
Hawaii,Arkansas,134
Hawaii,California,11717
Hawaii,Colorado,2105
Hawaii,Connecticut,412
Hawaii,Florida,2322
Hawaii,Georgia,1324
Hawaii,Hawaii,8043
Hawaii,Idaho,243
Hawaii,Illinois,1511
Hawaii,Indiana,616
Hawaii,Iowa,385
Hawaii,Kansas,420
Hawaii,Kentucky,492
Hawaii,Louisiana,388
Hawaii,Michigan,341
Hawaii,Mississippi,237
Hawaii,Missouri,1027
Hawaii,Nevada,3531
Hawaii,New Hampshire,37
Hawaii,New Mexico,214
Hawaii,New York,943
Hawaii,North Carolina,1833
Hawaii,Ohio,633
Hawaii,Pennsylvania,408
Hawaii,South Carolina,567
Hawaii,South Dakota,53
Hawaii,Tennessee,713
Hawaii,Texas,5547
Hawaii,Utah,1395
Hawaii,Virginia,3637
Hawaii,Washington,4885
Hawaii,Wisconsin,599
Hawaii,Wyoming,143
Hawaii,Delaware,46
Hawaii,Maine,101
Hawaii,Maryland,821
Hawaii,Massachusetts,962
Hawaii,Montana,131
Hawaii,Nebraska,204
Hawaii,New Jersey,368
Hawaii,North Dakota,31
Hawaii,Oklahoma,384
Hawaii,Oregon,2576
Hawaii,West Virginia,121
Hawaii,Puerto Rico,18
Hawaii,Minnesota,788
Hawaii,Rhode Island,179
Hawaii,Vermont,143
Hawaii,District of Columbia,177
Hawaii,Total Arriving,59766
Idaho,Alabama,444
Idaho,Alaska,796
Idaho,Arizona,2785
Idaho,Arkansas,371
Idaho,California,6084
Idaho,Colorado,1877
Idaho,Connecticut,91
Idaho,Florida,1054
Idaho,Georgia,443
Idaho,Hawaii,387
Idaho,Idaho,53048
Idaho,Illinois,669
Idaho,Indiana,684
Idaho,Iowa,242
Idaho,Kansas,416
Idaho,Kentucky,132
Idaho,Louisiana,360
Idaho,Michigan,395
Idaho,Mississippi,265
Idaho,Missouri,591
Idaho,Nevada,2980
Idaho,New Hampshire,17
Idaho,New Mexico,392
Idaho,New York,404
Idaho,North Carolina,462
Idaho,Ohio,744
Idaho,Pennsylvania,455
Idaho,South Carolina,356
Idaho,South Dakota,246
Idaho,Tennessee,918
Idaho,Texas,2503
Idaho,Utah,7202
Idaho,Virginia,783
Idaho,Washington,9830
Idaho,Wisconsin,538
Idaho,Wyoming,1384
Idaho,Delaware,107
Idaho,Maine,59
Idaho,Maryland,482
Idaho,Massachusetts,306
Idaho,Montana,2086
Idaho,Nebraska,301
Idaho,New Jersey,169
Idaho,North Dakota,663
Idaho,Oklahoma,484
Idaho,Oregon,5755
Idaho,West Virginia,179
Idaho,Puerto Rico,0
Idaho,Minnesota,347
Idaho,Rhode Island,46
Idaho,Vermont,41
Idaho,District of Columbia,22
Idaho,Total Arriving,58347
Illinois,Alabama,3524
Illinois,Alaska,739
Illinois,Arizona,10849
Illinois,Arkansas,3345
Illinois,California,19200
Illinois,Colorado,6522
Illinois,Connecticut,1948
Illinois,Florida,19435
Illinois,Georgia,7996
Illinois,Hawaii,1174
Illinois,Idaho,426
Illinois,Illinois,308815
Illinois,Indiana,28253
Illinois,Iowa,13354
Illinois,Kansas,2210
Illinois,Kentucky,4861
Illinois,Louisiana,2008
Illinois,Michigan,11058
Illinois,Mississippi,2832
Illinois,Missouri,21927
Illinois,Nevada,2319
Illinois,New Hampshire,617
Illinois,New Mexico,1065
Illinois,New York,7299
Illinois,North Carolina,5735
Illinois,Ohio,7958
Illinois,Pennsylvania,4053
Illinois,South Carolina,2675
Illinois,South Dakota,314
Illinois,Tennessee,6822
Illinois,Texas,21988
Illinois,Utah,1437
Illinois,Virginia,6195
Illinois,Washington,4115
Illinois,Wisconsin,23441
Illinois,Wyoming,380
Illinois,Delaware,381
Illinois,Maine,406
Illinois,Maryland,2974
Illinois,Massachusetts,3853
Illinois,Montana,809
Illinois,Nebraska,1519
Illinois,New Jersey,2508
Illinois,North Dakota,541
Illinois,Oklahoma,1927
Illinois,Oregon,1627
Illinois,West Virginia,538
Illinois,Puerto Rico,819
Illinois,Minnesota,6741
Illinois,Rhode Island,381
Illinois,Vermont,337
Illinois,District of Columbia,1001
Illinois,Total Arriving,284436
Indiana,Alabama,2241
Indiana,Alaska,305
Indiana,Arizona,3917
Indiana,Arkansas,999
Indiana,California,6736
Indiana,Colorado,3545
Indiana,Connecticut,418
Indiana,Florida,12332
Indiana,Georgia,4502
Indiana,Hawaii,249
Indiana,Idaho,246
Indiana,Illinois,19673
Indiana,Indiana,227702
Indiana,Iowa,1653
Indiana,Kansas,1642
Indiana,Kentucky,11267
Indiana,Louisiana,1116
Indiana,Michigan,8659
Indiana,Mississippi,784
Indiana,Missouri,3789
Indiana,Nevada,701
Indiana,New Hampshire,299
Indiana,New Mexico,976
Indiana,New York,2529
Indiana,North Carolina,3248
Indiana,Ohio,11688
Indiana,Pennsylvania,2020
Indiana,South Carolina,2813
Indiana,South Dakota,266
Indiana,Tennessee,5084
Indiana,Texas,9367
Indiana,Utah,606
Indiana,Virginia,2589
Indiana,Washington,1851
Indiana,Wisconsin,2455
Indiana,Wyoming,218
Indiana,Delaware,97
Indiana,Maine,85
Indiana,Maryland,1152
Indiana,Massachusetts,1039
Indiana,Montana,340
Indiana,Nebraska,374
Indiana,New Jersey,657
Indiana,North Dakota,208
Indiana,Oklahoma,1480
Indiana,Oregon,837
Indiana,West Virginia,519
Indiana,Puerto Rico,234
Indiana,Minnesota,1227
Indiana,Rhode Island,49
Indiana,Vermont,102
Indiana,District of Columbia,351
Indiana,Total Arriving,139534
Iowa,Alabama,384
Iowa,Alaska,191
Iowa,Arizona,3331
Iowa,Arkansas,497
Iowa,California,3253
Iowa,Colorado,2888
Iowa,Connecticut,54
Iowa,Florida,3059
Iowa,Georgia,1439
Iowa,Hawaii,291
Iowa,Idaho,382
Iowa,Illinois,9035
Iowa,Indiana,1575
Iowa,Iowa,107998
Iowa,Kansas,1818
Iowa,Kentucky,579
Iowa,Louisiana,600
Iowa,Michigan,1248
Iowa,Mississippi,200
Iowa,Missouri,5088
Iowa,Nevada,479
Iowa,New Hampshire,56
Iowa,New Mexico,206
Iowa,New York,820
Iowa,North Carolina,1067
Iowa,Ohio,1142
Iowa,Pennsylvania,492
Iowa,South Carolina,631
Iowa,South Dakota,3405
Iowa,Tennessee,850
Iowa,Texas,3910
Iowa,Utah,923
Iowa,Virginia,1062
Iowa,Washington,1300
Iowa,Wisconsin,3399
Iowa,Wyoming,300
Iowa,Delaware,2
Iowa,Maine,106
Iowa,Maryland,321
Iowa,Massachusetts,286
Iowa,Montana,236
Iowa,Nebraska,7291
Iowa,New Jersey,234
Iowa,North Dakota,319
Iowa,Oklahoma,1074
Iowa,Oregon,626
Iowa,West Virginia,12
Iowa,Puerto Rico,0
Iowa,Minnesota,6280
Iowa,Rhode Island,14
Iowa,Vermont,83
Iowa,District of Columbia,143
Iowa,Total Arriving,72981
Kansas,Alabama,744
Kansas,Alaska,403
Kansas,Arizona,2145
Kansas,Arkansas,2182
Kansas,California,3684
Kansas,Colorado,4707
Kansas,Connecticut,228
Kansas,Florida,3519
Kansas,Georgia,2152
Kansas,Hawaii,360
Kansas,Idaho,368
Kansas,Illinois,2092
Kansas,Indiana,1435
Kansas,Iowa,1923
Kansas,Kansas,97294
Kansas,Kentucky,881
Kansas,Louisiana,559
Kansas,Michigan,1061
Kansas,Mississippi,299
Kansas,Missouri,21120
Kansas,Nevada,563
Kansas,New Hampshire,159
Kansas,New Mexico,771
Kansas,New York,1175
Kansas,North Carolina,2656
Kansas,Ohio,1076
Kansas,Pennsylvania,1198
Kansas,South Carolina,946
Kansas,South Dakota,393
Kansas,Tennessee,2292
Kansas,Texas,10971
Kansas,Utah,612
Kansas,Virginia,1476
Kansas,Washington,1875
Kansas,Wisconsin,843
Kansas,Wyoming,542
Kansas,Delaware,44
Kansas,Maine,286
Kansas,Maryland,1269
Kansas,Massachusetts,444
Kansas,Montana,337
Kansas,Nebraska,3182
Kansas,New Jersey,306
Kansas,North Dakota,119
Kansas,Oklahoma,5524
Kansas,Oregon,839
Kansas,West Virginia,70
Kansas,Puerto Rico,183
Kansas,Minnesota,915
Kansas,Rhode Island,91
Kansas,Vermont,3
Kansas,District of Columbia,61
Kansas,Total Arriving,91083
Kentucky,Alabama,2399
Kentucky,Alaska,373
Kentucky,Arizona,1621
Kentucky,Arkansas,1663
Kentucky,California,2804
Kentucky,Colorado,1630
Kentucky,Connecticut,204
Kentucky,Florida,6499
Kentucky,Georgia,5449
Kentucky,Hawaii,302
Kentucky,Idaho,93
Kentucky,Illinois,3421
Kentucky,Indiana,9937
Kentucky,Iowa,740
Kentucky,Kansas,878
Kentucky,Kentucky,150203
Kentucky,Louisiana,1360
Kentucky,Michigan,2214
Kentucky,Mississippi,864
Kentucky,Missouri,2608
Kentucky,Nevada,949
Kentucky,New Hampshire,88
Kentucky,New Mexico,383
Kentucky,New York,1433
Kentucky,North Carolina,3340
Kentucky,Ohio,11805
Kentucky,Pennsylvania,2119
Kentucky,South Carolina,2323
Kentucky,South Dakota,71
Kentucky,Tennessee,11779
Kentucky,Texas,5612
Kentucky,Utah,315
Kentucky,Virginia,2763
Kentucky,Washington,1107
Kentucky,Wisconsin,690
Kentucky,Wyoming,121
Kentucky,Delaware,134
Kentucky,Maine,240
Kentucky,Maryland,891
Kentucky,Massachusetts,460
Kentucky,Montana,218
Kentucky,Nebraska,274
Kentucky,New Jersey,316
Kentucky,North Dakota,132
Kentucky,Oklahoma,1240
Kentucky,Oregon,456
Kentucky,West Virginia,1787
Kentucky,Puerto Rico,62
Kentucky,Minnesota,408
Kentucky,Rhode Island,164
Kentucky,Vermont,394
Kentucky,District of Columbia,146
Kentucky,Total Arriving,97279
Louisiana,Alabama,2469
Louisiana,Alaska,559
Louisiana,Arizona,1367
Louisiana,Arkansas,3710
Louisiana,California,3991
Louisiana,Colorado,2038
Louisiana,Connecticut,362
Louisiana,Florida,5709
Louisiana,Georgia,4816
Louisiana,Hawaii,376
Louisiana,Idaho,103
Louisiana,Illinois,1436
Louisiana,Indiana,970
Louisiana,Iowa,463
Louisiana,Kansas,853
Louisiana,Kentucky,759
Louisiana,Louisiana,151598
Louisiana,Michigan,1187
Louisiana,Mississippi,8331
Louisiana,Missouri,1761
Louisiana,Nevada,305
Louisiana,New Hampshire,218
Louisiana,New Mexico,232
Louisiana,New York,1355
Louisiana,North Carolina,1744
Louisiana,Ohio,1765
Louisiana,Pennsylvania,895
Louisiana,South Carolina,2021
Louisiana,South Dakota,58
Louisiana,Tennessee,3707
Louisiana,Texas,28304
Louisiana,Utah,330
Louisiana,Virginia,1929
Louisiana,Washington,1024
Louisiana,Wisconsin,498
Louisiana,Wyoming,176
Louisiana,Delaware,99
Louisiana,Maine,168
Louisiana,Maryland,780
Louisiana,Massachusetts,539
Louisiana,Montana,187
Louisiana,Nebraska,247
Louisiana,New Jersey,445
Louisiana,North Dakota,143
Louisiana,Oklahoma,2133
Louisiana,Oregon,500
Louisiana,West Virginia,131
Louisiana,Puerto Rico,63
Louisiana,Minnesota,414
Louisiana,Rhode Island,175
Louisiana,Vermont,102
Louisiana,District of Columbia,233
Louisiana,Total Arriving,92180
Michigan,Alabama,2771
Michigan,Alaska,649
Michigan,Arizona,8609
Michigan,Arkansas,1338
Michigan,California,10251
Michigan,Colorado,4053
Michigan,Connecticut,724
Michigan,Florida,20120
Michigan,Georgia,8557
Michigan,Hawaii,991
Michigan,Idaho,403
Michigan,Illinois,12231
Michigan,Indiana,10450
Michigan,Iowa,1053
Michigan,Kansas,1390
Michigan,Kentucky,4910
Michigan,Louisiana,1264
Michigan,Michigan,360184
Michigan,Mississippi,1919
Michigan,Missouri,2618
Michigan,Nevada,1876
Michigan,New Hampshire,279
Michigan,New Mexico,781
Michigan,New York,4841
Michigan,North Carolina,6757
Michigan,Ohio,15671
Michigan,Pennsylvania,4256
Michigan,South Carolina,3395
Michigan,South Dakota,513
Michigan,Tennessee,5366
Michigan,Texas,12567
Michigan,Utah,1197
Michigan,Virginia,5101
Michigan,Washington,3485
Michigan,Wisconsin,5354
Michigan,Wyoming,850
Michigan,Delaware,183
Michigan,Maine,195
Michigan,Maryland,2551
Michigan,Massachusetts,2127
Michigan,Montana,509
Michigan,Nebraska,787
Michigan,New Jersey,1261
Michigan,North Dakota,483
Michigan,Oklahoma,1259
Michigan,Oregon,1182
Michigan,West Virginia,814
Michigan,Puerto Rico,149
Michigan,Minnesota,2711
Michigan,Rhode Island,231
Michigan,Vermont,200
Michigan,District of Columbia,679
Michigan,Total Arriving,181911
Mississippi,Alabama,6336
Mississippi,Alaska,179
Mississippi,Arizona,536
Mississippi,Arkansas,2401
Mississippi,California,2573
Mississippi,Colorado,1039
Mississippi,Connecticut,175
Mississippi,Florida,5570
Mississippi,Georgia,3966
Mississippi,Hawaii,141
Mississippi,Idaho,100
Mississippi,Illinois,1551
Mississippi,Indiana,649
Mississippi,Iowa,413
Mississippi,Kansas,607
Mississippi,Kentucky,1333
Mississippi,Louisiana,8684
Mississippi,Michigan,875
Mississippi,Mississippi,110465
Mississippi,Missouri,1245
Mississippi,Nevada,585
Mississippi,New Hampshire,70
Mississippi,New Mexico,397
Mississippi,New York,612
Mississippi,North Carolina,1741
Mississippi,Ohio,819
Mississippi,Pennsylvania,717
Mississippi,South Carolina,1304
Mississippi,South Dakota,96
Mississippi,Tennessee,9482
Mississippi,Texas,6709
Mississippi,Utah,285
Mississippi,Virginia,1479
Mississippi,Washington,1025
Mississippi,Wisconsin,664
Mississippi,Wyoming,31
Mississippi,Delaware,67
Mississippi,Maine,15
Mississippi,Maryland,989
Mississippi,Massachusetts,434
Mississippi,Montana,116
Mississippi,Nebraska,337
Mississippi,New Jersey,241
Mississippi,North Dakota,93
Mississippi,Oklahoma,1295
Mississippi,Oregon,364
Mississippi,West Virginia,164
Mississippi,Puerto Rico,72
Mississippi,Minnesota,316
Mississippi,Rhode Island,132
Mississippi,Vermont,6
Mississippi,District of Columbia,31
Mississippi,Total Arriving,69061
Missouri,Alabama,1287
Missouri,Alaska,756
Missouri,Arizona,3594
Missouri,Arkansas,7352
Missouri,California,7521
Missouri,Colorado,4087
Missouri,Connecticut,268
Missouri,Florida,9254
Missouri,Georgia,2720
Missouri,Hawaii,581
Missouri,Idaho,327
Missouri,Illinois,13608
Missouri,Indiana,2975
Missouri,Iowa,4061
Missouri,Kansas,22544
Missouri,Kentucky,2500
Missouri,Louisiana,1682
Missouri,Michigan,2383
Missouri,Mississippi,1438
Missouri,Missouri,251656
Missouri,Nevada,877
Missouri,New Hampshire,212
Missouri,New Mexico,1089
Missouri,New York,2181
Missouri,North Carolina,2430
Missouri,Ohio,2129
Missouri,Pennsylvania,1653
Missouri,South Carolina,1631
Missouri,South Dakota,361
Missouri,Tennessee,3624
Missouri,Texas,12540
Missouri,Utah,1232
Missouri,Virginia,2538
Missouri,Washington,3477
Missouri,Wisconsin,1519
Missouri,Wyoming,715
Missouri,Delaware,337
Missouri,Maine,211
Missouri,Maryland,1106
Missouri,Massachusetts,1364
Missouri,Montana,412
Missouri,Nebraska,2225
Missouri,New Jersey,616
Missouri,North Dakota,643
Missouri,Oklahoma,4992
Missouri,Oregon,890
Missouri,West Virginia,239
Missouri,Puerto Rico,58
Missouri,Minnesota,1564
Missouri,Rhode Island,87
Missouri,Vermont,64
Missouri,District of Columbia,221
Missouri,Total Arriving,142175
Nevada,Alabama,534
Nevada,Alaska,484
Nevada,Arizona,8728
Nevada,Arkansas,621
Nevada,California,30753
Nevada,Colorado,3805
Nevada,Connecticut,273
Nevada,Florida,4076
Nevada,Georgia,1559
Nevada,Hawaii,1423
Nevada,Idaho,2438
Nevada,Illinois,2310
Nevada,Indiana,673
Nevada,Iowa,1002
Nevada,Kansas,1207
Nevada,Kentucky,430
Nevada,Louisiana,1017
Nevada,Michigan,1511
Nevada,Mississippi,383
Nevada,Missouri,1369
Nevada,Nevada,25905
Nevada,New Hampshire,92
Nevada,New Mexico,2258
Nevada,New York,1834
Nevada,North Carolina,1351
Nevada,Ohio,1508
Nevada,Pennsylvania,1459
Nevada,South Carolina,791
Nevada,South Dakota,184
Nevada,Tennessee,1086
Nevada,Texas,7960
Nevada,Utah,5403
Nevada,Virginia,1150
Nevada,Washington,4588
Nevada,Wisconsin,904
Nevada,Wyoming,332
Nevada,Delaware,114
Nevada,Maine,128
Nevada,Maryland,541
Nevada,Massachusetts,566
Nevada,Montana,749
Nevada,Nebraska,331
Nevada,New Jersey,659
Nevada,North Dakota,474
Nevada,Oklahoma,1085
Nevada,Oregon,4335
Nevada,West Virginia,118
Nevada,Puerto Rico,0
Nevada,Minnesota,1182
Nevada,Rhode Island,92
Nevada,Vermont,56
Nevada,District of Columbia,85
Nevada,Total Arriving,106011
New Hampshire,Alabama,67
New Hampshire,Alaska,193
New Hampshire,Arizona,470
New Hampshire,Arkansas,98
New Hampshire,California,1417
New Hampshire,Colorado,501
New Hampshire,Connecticut,1652
New Hampshire,Florida,4186
New Hampshire,Georgia,196
New Hampshire,Hawaii,155
New Hampshire,Idaho,36
New Hampshire,Illinois,346
New Hampshire,Indiana,877
New Hampshire,Iowa,101
New Hampshire,Kansas,102
New Hampshire,Kentucky,201
New Hampshire,Louisiana,115
New Hampshire,Michigan,311
New Hampshire,Mississippi,32
New Hampshire,Missouri,306
New Hampshire,Nevada,212
New Hampshire,New Hampshire,31725
New Hampshire,New Mexico,113
New Hampshire,New York,2632
New Hampshire,North Carolina,1708
New Hampshire,Ohio,797
New Hampshire,Pennsylvania,1010
New Hampshire,South Carolina,814
New Hampshire,South Dakota,8
New Hampshire,Tennessee,275
New Hampshire,Texas,856
New Hampshire,Utah,168
New Hampshire,Virginia,902
New Hampshire,Washington,386
New Hampshire,Wisconsin,159
New Hampshire,Wyoming,0
New Hampshire,Delaware,98
New Hampshire,Maine,4120
New Hampshire,Maryland,767
New Hampshire,Massachusetts,11305
New Hampshire,Montana,147
New Hampshire,Nebraska,108
New Hampshire,New Jersey,497
New Hampshire,North Dakota,10
New Hampshire,Oklahoma,211
New Hampshire,Oregon,172
New Hampshire,West Virginia,149
New Hampshire,Puerto Rico,11
New Hampshire,Minnesota,49
New Hampshire,Rhode Island,769
New Hampshire,Vermont,3085
New Hampshire,District of Columbia,176
New Hampshire,Total Arriving,43076
New Mexico,Alabama,661
New Mexico,Alaska,304
New Mexico,Arizona,6185
New Mexico,Arkansas,359
New Mexico,California,5740
New Mexico,Colorado,6552
New Mexico,Connecticut,280
New Mexico,Florida,1777
New Mexico,Georgia,780
New Mexico,Hawaii,342
New Mexico,Idaho,516
New Mexico,Illinois,1313
New Mexico,Indiana,218
New Mexico,Iowa,374
New Mexico,Kansas,948
New Mexico,Kentucky,526
New Mexico,Louisiana,375
New Mexico,Michigan,792
New Mexico,Mississippi,387
New Mexico,Missouri,751
New Mexico,Nevada,1578
New Mexico,New Hampshire,106
New Mexico,New Mexico,47589
New Mexico,New York,1027
New Mexico,North Carolina,1387
New Mexico,Ohio,849
New Mexico,Pennsylvania,637
New Mexico,South Carolina,651
New Mexico,South Dakota,139
New Mexico,Tennessee,426
New Mexico,Texas,16267
New Mexico,Utah,1046
New Mexico,Virginia,904
New Mexico,Washington,1179
New Mexico,Wisconsin,565
New Mexico,Wyoming,326
New Mexico,Delaware,102
New Mexico,Maine,123
New Mexico,Maryland,445
New Mexico,Massachusetts,309
New Mexico,Montana,377
New Mexico,Nebraska,326
New Mexico,New Jersey,298
New Mexico,North Dakota,183
New Mexico,Oklahoma,1712
New Mexico,Oregon,1036
New Mexico,West Virginia,62
New Mexico,Puerto Rico,112
New Mexico,Minnesota,482
New Mexico,Rhode Island,25
New Mexico,Vermont,71
New Mexico,District of Columbia,125
New Mexico,Total Arriving,62055
New York,Alabama,2813
New York,Alaska,625
New York,Arizona,5942
New York,Arkansas,1244
New York,California,27069
New York,Colorado,5564
New York,Connecticut,20891
New York,Florida,54964
New York,Georgia,14088
New York,Hawaii,2286
New York,Idaho,429
New York,Illinois,8352
New York,Indiana,2605
New York,Iowa,1039
New York,Kansas,1114
New York,Kentucky,3307
New York,Louisiana,1758
New York,Michigan,5050
New York,Mississippi,762
New York,Missouri,2664
New York,Nevada,2258
New York,New Hampshire,2280
New York,New Mexico,777
New York,New York,467130
New York,North Carolina,20705
New York,Ohio,8359
New York,Pennsylvania,32171
New York,South Carolina,9517
New York,South Dakota,282
New York,Tennessee,4666
New York,Texas,18357
New York,Utah,2155
New York,Virginia,15850
New York,Washington,4429
New York,Wisconsin,1709
New York,Wyoming,397
New York,Delaware,3403
New York,Maine,2172
New York,Maryland,11053
New York,Massachusetts,19292
New York,Montana,374
New York,Nebraska,412
New York,New Jersey,42947
New York,North Dakota,228
New York,Oklahoma,1695
New York,Oregon,2368
New York,West Virginia,1327
New York,Puerto Rico,3298
New York,Minnesota,2234
New York,Rhode Island,3404
New York,Vermont,3804
New York,District of Columbia,3592
New York,Total Arriving,388081
North Carolina,Alabama,4689
North Carolina,Alaska,924
North Carolina,Arizona,3930
North Carolina,Arkansas,1536
North Carolina,California,9765
North Carolina,Colorado,4370
North Carolina,Connecticut,1766
North Carolina,Florida,24398
North Carolina,Georgia,16591
North Carolina,Hawaii,1833
North Carolina,Idaho,442
North Carolina,Illinois,4883
North Carolina,Indiana,2295
North Carolina,Iowa,1063
North Carolina,Kansas,1293
North Carolina,Kentucky,3655
North Carolina,Louisiana,2085
North Carolina,Michigan,3071
North Carolina,Mississippi,1244
North Carolina,Missouri,3762
North Carolina,Nevada,1420
North Carolina,New Hampshire,836
North Carolina,New Mexico,921
North Carolina,New York,11437
North Carolina,North Carolina,333650
North Carolina,Ohio,6218
North Carolina,Pennsylvania,8093
North Carolina,South Carolina,23829
North Carolina,South Dakota,328
North Carolina,Tennessee,7843
North Carolina,Texas,16993
North Carolina,Utah,1005
North Carolina,Virginia,23558
North Carolina,Washington,3662
North Carolina,Wisconsin,2291
North Carolina,Wyoming,321
North Carolina,Delaware,704
North Carolina,Maine,805
North Carolina,Maryland,6921
North Carolina,Massachusetts,3466
North Carolina,Montana,966
North Carolina,Nebraska,442
North Carolina,New Jersey,2978
North Carolina,North Dakota,516
North Carolina,Oklahoma,2371
North Carolina,Oregon,1346
North Carolina,West Virginia,3379
North Carolina,Puerto Rico,370
North Carolina,Minnesota,1706
North Carolina,Rhode Island,580
North Carolina,Vermont,418
North Carolina,District of Columbia,1672
North Carolina,Total Arriving,230990
Ohio,Alabama,2672
Ohio,Alaska,758
Ohio,Arizona,5047
Ohio,Arkansas,879
Ohio,California,8790
Ohio,Colorado,4154
Ohio,Connecticut,1044
Ohio,Florida,21116
Ohio,Georgia,9037
Ohio,Hawaii,606
Ohio,Idaho,480
Ohio,Illinois,7377
Ohio,Indiana,11837
Ohio,Iowa,1071
Ohio,Kansas,1666
Ohio,Kentucky,15880
Ohio,Louisiana,1405
Ohio,Michigan,10293
Ohio,Mississippi,1193
Ohio,Missouri,3139
Ohio,Nevada,1362
Ohio,New Hampshire,302
Ohio,New Mexico,1325
Ohio,New York,6182
Ohio,North Carolina,8943
Ohio,Ohio,361787
Ohio,Pennsylvania,13190
Ohio,South Carolina,6071
Ohio,South Dakota,347
Ohio,Tennessee,5941
Ohio,Texas,10376
Ohio,Utah,1534
Ohio,Virginia,6988
Ohio,Washington,2670
Ohio,Wisconsin,2311
Ohio,Wyoming,284
Ohio,Delaware,468
Ohio,Maine,644
Ohio,Maryland,2927
Ohio,Massachusetts,2232
Ohio,Montana,246
Ohio,Nebraska,540
Ohio,New Jersey,1569
Ohio,North Dakota,175
Ohio,Oklahoma,1247
Ohio,Oregon,1111
Ohio,West Virginia,7641
Ohio,Puerto Rico,144
Ohio,Minnesota,1812
Ohio,Rhode Island,201
Ohio,Vermont,344
Ohio,District of Columbia,468
Ohio,Total Arriving,198039
Pennsylvania,Alabama,1345
Pennsylvania,Alaska,443
Pennsylvania,Arizona,4305
Pennsylvania,Arkansas,470
Pennsylvania,California,9586
Pennsylvania,Colorado,3705
Pennsylvania,Connecticut,3278
Pennsylvania,Florida,23753
Pennsylvania,Georgia,6583
Pennsylvania,Hawaii,609
Pennsylvania,Idaho,244
Pennsylvania,Illinois,4824
Pennsylvania,Indiana,2859
Pennsylvania,Iowa,546
Pennsylvania,Kansas,855
Pennsylvania,Kentucky,2144
Pennsylvania,Louisiana,1214
Pennsylvania,Michigan,3125
Pennsylvania,Mississippi,1399
Pennsylvania,Missouri,2356
Pennsylvania,Nevada,1394
Pennsylvania,New Hampshire,754
Pennsylvania,New Mexico,715
Pennsylvania,New York,23454
Pennsylvania,North Carolina,11528
Pennsylvania,Ohio,12606
Pennsylvania,Pennsylvania,320527
Pennsylvania,South Carolina,6135
Pennsylvania,South Dakota,287
Pennsylvania,Tennessee,3162
Pennsylvania,Texas,9507
Pennsylvania,Utah,844
Pennsylvania,Virginia,12684
Pennsylvania,Washington,2273
Pennsylvania,Wisconsin,1404
Pennsylvania,Wyoming,205
Pennsylvania,Delaware,8695
Pennsylvania,Maine,1181
Pennsylvania,Maryland,13528
Pennsylvania,Massachusetts,6110
Pennsylvania,Montana,513
Pennsylvania,Nebraska,341
Pennsylvania,New Jersey,21028
Pennsylvania,North Dakota,257
Pennsylvania,Oklahoma,1167
Pennsylvania,Oregon,1255
Pennsylvania,West Virginia,4467
Pennsylvania,Puerto Rico,2109
Pennsylvania,Minnesota,994
Pennsylvania,Rhode Island,1117
Pennsylvania,Vermont,648
Pennsylvania,District of Columbia,1866
Pennsylvania,Total Arriving,225871
South Carolina,Alabama,2351
South Carolina,Alaska,337
South Carolina,Arizona,1532
South Carolina,Arkansas,583
South Carolina,California,5578
South Carolina,Colorado,1622
South Carolina,Connecticut,1147
South Carolina,Florida,11277
South Carolina,Georgia,15768
South Carolina,Hawaii,781
South Carolina,Idaho,161
South Carolina,Illinois,1825
South Carolina,Indiana,1402
South Carolina,Iowa,624
South Carolina,Kansas,679
South Carolina,Kentucky,1674
South Carolina,Louisiana,1653
South Carolina,Michigan,2096
South Carolina,Mississippi,1065
South Carolina,Missouri,1210
South Carolina,Nevada,424
South Carolina,New Hampshire,261
South Carolina,New Mexico,529
South Carolina,New York,6242
South Carolina,North Carolina,22225
South Carolina,Ohio,2838
South Carolina,Pennsylvania,2977
South Carolina,South Carolina,146117
South Carolina,South Dakota,155
South Carolina,Tennessee,4595
South Carolina,Texas,5963
South Carolina,Utah,445
South Carolina,Virginia,8327
South Carolina,Washington,1943
South Carolina,Wisconsin,682
South Carolina,Wyoming,140
South Carolina,Delaware,327
South Carolina,Maine,292
South Carolina,Maryland,2296
South Carolina,Massachusetts,1406
South Carolina,Montana,136
South Carolina,Nebraska,378
South Carolina,New Jersey,1432
South Carolina,North Dakota,10
South Carolina,Oklahoma,1136
South Carolina,Oregon,385
South Carolina,West Virginia,1320
South Carolina,Puerto Rico,37
South Carolina,Minnesota,945
South Carolina,Rhode Island,348
South Carolina,Vermont,99
South Carolina,District of Columbia,358
South Carolina,Total Arriving,122016
South Dakota,Alabama,141
South Dakota,Alaska,429
South Dakota,Arizona,1480
South Dakota,Arkansas,161
South Dakota,California,1115
South Dakota,Colorado,1420
South Dakota,Connecticut,0
South Dakota,Florida,727
South Dakota,Georgia,331
South Dakota,Hawaii,254
South Dakota,Idaho,534
South Dakota,Illinois,386
South Dakota,Indiana,178
South Dakota,Iowa,2363
South Dakota,Kansas,365
South Dakota,Kentucky,5
South Dakota,Louisiana,107
South Dakota,Michigan,397
South Dakota,Mississippi,64
South Dakota,Missouri,735
South Dakota,Nevada,482
South Dakota,New Hampshire,93
South Dakota,New Mexico,337
South Dakota,New York,246
South Dakota,North Carolina,374
South Dakota,Ohio,215
South Dakota,Pennsylvania,385
South Dakota,South Carolina,321
South Dakota,South Dakota,35276
South Dakota,Tennessee,88
South Dakota,Texas,1495
South Dakota,Utah,214
South Dakota,Virginia,249
South Dakota,Washington,588
South Dakota,Wisconsin,358
South Dakota,Wyoming,996
South Dakota,Delaware,16
South Dakota,Maine,6
South Dakota,Maryland,85
South Dakota,Massachusetts,52
South Dakota,Montana,294
South Dakota,Nebraska,2393
South Dakota,New Jersey,108
South Dakota,North Dakota,1548
South Dakota,Oklahoma,338
South Dakota,Oregon,292
South Dakota,West Virginia,47
South Dakota,Puerto Rico,51
South Dakota,Minnesota,3729
South Dakota,Rhode Island,39
South Dakota,Vermont,76
South Dakota,District of Columbia,78
South Dakota,Total Arriving,26785
Tennessee,Alabama,8550
Tennessee,Alaska,538
Tennessee,Arizona,2782
Tennessee,Arkansas,4747
Tennessee,California,6637
Tennessee,Colorado,2279
Tennessee,Connecticut,426
Tennessee,Florida,12586
Tennessee,Georgia,16245
Tennessee,Hawaii,610
Tennessee,Idaho,764
Tennessee,Illinois,4595
Tennessee,Indiana,3202
Tennessee,Iowa,868
Tennessee,Kansas,1502
Tennessee,Kentucky,12778
Tennessee,Louisiana,2861
Tennessee,Michigan,3600
Tennessee,Mississippi,10169
Tennessee,Missouri,2951
Tennessee,Nevada,703
Tennessee,New Hampshire,172
Tennessee,New Mexico,649
Tennessee,New York,1884
Tennessee,North Carolina,7638
Tennessee,Ohio,5393
Tennessee,Pennsylvania,2374
Tennessee,South Carolina,3478
Tennessee,South Dakota,254
Tennessee,Tennessee,186850
Tennessee,Texas,11408
Tennessee,Utah,812
Tennessee,Virginia,6690
Tennessee,Washington,1660
Tennessee,Wisconsin,1335
Tennessee,Wyoming,279
Tennessee,Delaware,185
Tennessee,Maine,528
Tennessee,Maryland,2208
Tennessee,Massachusetts,837
Tennessee,Montana,169
Tennessee,Nebraska,196
Tennessee,New Jersey,1130
Tennessee,North Dakota,266
Tennessee,Oklahoma,1720
Tennessee,Oregon,807
Tennessee,West Virginia,925
Tennessee,Puerto Rico,134
Tennessee,Minnesota,1252
Tennessee,Rhode Island,232
Tennessee,Vermont,191
Tennessee,District of Columbia,417
Tennessee,Total Arriving,154616
Texas,Alabama,7351
Texas,Alaska,2489
Texas,Arizona,14258
Texas,Arkansas,13878
Texas,California,37060
Texas,Colorado,20951
Texas,Connecticut,1984
Texas,Florida,23956
Texas,Georgia,15330
Texas,Hawaii,4964
Texas,Idaho,1512
Texas,Illinois,12656
Texas,Indiana,6229
Texas,Iowa,3533
Texas,Kansas,8178
Texas,Kentucky,5240
Texas,Louisiana,25934
Texas,Michigan,8026
Texas,Mississippi,6287
Texas,Missouri,10339
Texas,Nevada,5712
Texas,New Hampshire,1279
Texas,New Mexico,12873
Texas,New York,10954
Texas,North Carolina,11001
Texas,Ohio,8478
Texas,Pennsylvania,7388
Texas,South Carolina,6004
Texas,South Dakota,1246
Texas,Tennessee,8918
Texas,Texas,1008181
Texas,Utah,4598
Texas,Virginia,12321
Texas,Washington,12712
Texas,Wisconsin,3163
Texas,Wyoming,1623
Texas,Delaware,391
Texas,Maine,728
Texas,Maryland,5235
Texas,Massachusetts,4372
Texas,Montana,1740
Texas,Nebraska,4077
Texas,New Jersey,3362
Texas,North Dakota,2229
Texas,Oklahoma,29081
Texas,Oregon,5189
Texas,West Virginia,1200
Texas,Puerto Rico,1003
Texas,Minnesota,4487
Texas,Rhode Island,546
Texas,Vermont,440
Texas,District of Columbia,1288
Texas,Total Arriving,403793
Utah,Alabama,994
Utah,Alaska,990
Utah,Arizona,7976
Utah,Arkansas,232
Utah,California,11339
Utah,Colorado,5373
Utah,Connecticut,273
Utah,Florida,2245
Utah,Georgia,714
Utah,Hawaii,1085
Utah,Idaho,6353
Utah,Illinois,991
Utah,Indiana,637
Utah,Iowa,851
Utah,Kansas,277
Utah,Kentucky,475
Utah,Louisiana,518
Utah,Michigan,712
Utah,Mississippi,262
Utah,Missouri,1371
Utah,Nevada,4690
Utah,New Hampshire,235
Utah,New Mexico,1970
Utah,New York,801
Utah,North Carolina,982
Utah,Ohio,867
Utah,Pennsylvania,1252
Utah,South Carolina,331
Utah,South Dakota,413
Utah,Tennessee,922
Utah,Texas,4858
Utah,Utah,85198
Utah,Virginia,1927
Utah,Washington,4414
Utah,Wisconsin,639
Utah,Wyoming,2323
Utah,Delaware,227
Utah,Maine,223
Utah,Maryland,992
Utah,Massachusetts,601
Utah,Montana,1017
Utah,Nebraska,555
Utah,New Jersey,271
Utah,North Dakota,366
Utah,Oklahoma,1057
Utah,Oregon,3583
Utah,West Virginia,204
Utah,Puerto Rico,154
Utah,Minnesota,901
Utah,Rhode Island,40
Utah,Vermont,150
Utah,District of Columbia,67
Utah,Total Arriving,80700
Virginia,Alabama,3744
Virginia,Alaska,857
Virginia,Arizona,3257
Virginia,Arkansas,650
Virginia,California,14909
Virginia,Colorado,4573
Virginia,Connecticut,2336
Virginia,Florida,20921
Virginia,Georgia,9791
Virginia,Hawaii,2029
Virginia,Idaho,719
Virginia,Illinois,5181
Virginia,Indiana,2404
Virginia,Iowa,446
Virginia,Kansas,1377
Virginia,Kentucky,3952
Virginia,Louisiana,1919
Virginia,Michigan,2430
Virginia,Mississippi,962
Virginia,Missouri,2932
Virginia,Nevada,1695
Virginia,New Hampshire,801
Virginia,New Mexico,910
Virginia,New York,10049
Virginia,North Carolina,26908
Virginia,Ohio,5691
Virginia,Pennsylvania,11069
Virginia,South Carolina,8718
Virginia,South Dakota,342
Virginia,Tennessee,7780
Virginia,Texas,15573
Virginia,Utah,2107
Virginia,Virginia,382698
Virginia,Washington,4524
Virginia,Wisconsin,1475
Virginia,Wyoming,278
Virginia,Delaware,1587
Virginia,Maine,734
Virginia,Maryland,22050
Virginia,Massachusetts,4485
Virginia,Montana,314
Virginia,Nebraska,733
Virginia,New Jersey,4280
Virginia,North Dakota,252
Virginia,Oklahoma,1920
Virginia,Oregon,1652
Virginia,West Virginia,6010
Virginia,Puerto Rico,762
Virginia,Minnesota,1457
Virginia,Rhode Island,1260
Virginia,Vermont,454
Virginia,District of Columbia,7847
Virginia,Total Arriving,239106
Washington,Alabama,1253
Washington,Alaska,3173
Washington,Arizona,12576
Washington,Arkansas,690
Washington,California,34631
Washington,Colorado,5834
Washington,Connecticut,1480
Washington,Florida,5621
Washington,Georgia,3053
Washington,Hawaii,4178
Washington,Idaho,10613
Washington,Illinois,3231
Washington,Indiana,1042
Washington,Iowa,1016
Washington,Kansas,1406
Washington,Kentucky,1216
Washington,Louisiana,1393
Washington,Michigan,1915
Washington,Mississippi,371
Washington,Missouri,2241
Washington,Nevada,3862
Washington,New Hampshire,367
Washington,New Mexico,1545
Washington,New York,2835
Washington,North Carolina,3393
Washington,Ohio,2450
Washington,Pennsylvania,2327
Washington,South Carolina,2397
Washington,South Dakota,839
Washington,Tennessee,1929
Washington,Texas,11384
Washington,Utah,4027
Washington,Virginia,4677
Washington,Washington,190840
Washington,Wisconsin,1438
Washington,Wyoming,1326
Washington,Delaware,173
Washington,Maine,227
Washington,Maryland,1719
Washington,Massachusetts,1541
Washington,Montana,4298
Washington,Nebraska,1306
Washington,New Jersey,1423
Washington,North Dakota,752
Washington,Oklahoma,1485
Washington,Oregon,24072
Washington,West Virginia,140
Washington,Puerto Rico,55
Washington,Minnesota,1796
Washington,Rhode Island,260
Washington,Vermont,171
Washington,District of Columbia,333
Washington,Total Arriving,181480
Wisconsin,Alabama,703
Wisconsin,Alaska,370
Wisconsin,Arizona,4971
Wisconsin,Arkansas,669
Wisconsin,California,5647
Wisconsin,Colorado,2856
Wisconsin,Connecticut,625
Wisconsin,Florida,7235
Wisconsin,Georgia,2777
Wisconsin,Hawaii,446
Wisconsin,Idaho,390
Wisconsin,Illinois,14760
Wisconsin,Indiana,2378
Wisconsin,Iowa,3490
Wisconsin,Kansas,740
Wisconsin,Kentucky,1038
Wisconsin,Louisiana,475
Wisconsin,Michigan,5186
Wisconsin,Mississippi,823
Wisconsin,Missouri,2487
Wisconsin,Nevada,1266
Wisconsin,New Hampshire,212
Wisconsin,New Mexico,474
Wisconsin,New York,1529
Wisconsin,North Carolina,1989
Wisconsin,Ohio,1597
Wisconsin,Pennsylvania,1867
Wisconsin,South Carolina,774
Wisconsin,South Dakota,469
Wisconsin,Tennessee,2018
Wisconsin,Texas,5428
Wisconsin,Utah,595
Wisconsin,Virginia,1453
Wisconsin,Washington,2153
Wisconsin,Wisconsin,183619
Wisconsin,Wyoming,172
Wisconsin,Delaware,9
Wisconsin,Maine,116
Wisconsin,Maryland,863
Wisconsin,Massachusetts,647
Wisconsin,Montana,537
Wisconsin,Nebraska,710
Wisconsin,New Jersey,396
Wisconsin,North Dakota,650
Wisconsin,Oklahoma,860
Wisconsin,Oregon,1094
Wisconsin,West Virginia,171
Wisconsin,Puerto Rico,506
Wisconsin,Minnesota,17722
Wisconsin,Rhode Island,42
Wisconsin,Vermont,131
Wisconsin,District of Columbia,509
Wisconsin,Total Arriving,105025
Wyoming,Alabama,150
Wyoming,Alaska,134
Wyoming,Arizona,1914
Wyoming,Arkansas,426
Wyoming,California,1504
Wyoming,Colorado,4518
Wyoming,Connecticut,135
Wyoming,Florida,608
Wyoming,Georgia,382
Wyoming,Hawaii,30
Wyoming,Idaho,1114
Wyoming,Illinois,294
Wyoming,Indiana,421
Wyoming,Iowa,375
Wyoming,Kansas,606
Wyoming,Kentucky,74
Wyoming,Louisiana,194
Wyoming,Michigan,725
Wyoming,Mississippi,169
Wyoming,Missouri,477
Wyoming,Nevada,611
Wyoming,New Hampshire,59
Wyoming,New Mexico,272
Wyoming,New York,391
Wyoming,North Carolina,402
Wyoming,Ohio,357
Wyoming,Pennsylvania,528
Wyoming,South Carolina,237
Wyoming,South Dakota,834
Wyoming,Tennessee,201
Wyoming,Texas,2549
Wyoming,Utah,1816
Wyoming,Virginia,334
Wyoming,Washington,944
Wyoming,Wisconsin,112
Wyoming,Wyoming,15347
Wyoming,Delaware,104
Wyoming,Maine,175
Wyoming,Maryland,144
Wyoming,Massachusetts,91
Wyoming,Montana,1404
Wyoming,Nebraska,1209
Wyoming,New Jersey,29
Wyoming,North Dakota,450
Wyoming,Oklahoma,965
Wyoming,Oregon,852
Wyoming,West Virginia,43
Wyoming,Puerto Rico,40
Wyoming,Minnesota,318
Wyoming,Rhode Island,13
Wyoming,Vermont,106
Wyoming,District of Columbia,41
Wyoming,Total Arriving,29881
Delaware,Alabama,252
Delaware,Alaska,21
Delaware,Arizona,315
Delaware,Arkansas,10
Delaware,California,562
Delaware,Colorado,311
Delaware,Connecticut,514
Delaware,Florida,2248
Delaware,Georgia,539
Delaware,Hawaii,215
Delaware,Idaho,32
Delaware,Illinois,296
Delaware,Indiana,211
Delaware,Iowa,26
Delaware,Kansas,118
Delaware,Kentucky,180
Delaware,Louisiana,124
Delaware,Michigan,194
Delaware,Mississippi,44
Delaware,Missouri,123
Delaware,Nevada,204
Delaware,New Hampshire,4
Delaware,New Mexico,115
Delaware,New York,1192
Delaware,North Carolina,1223
Delaware,Ohio,392
Delaware,Pennsylvania,5537
Delaware,South Carolina,538
Delaware,South Dakota,0
Delaware,Tennessee,223
Delaware,Texas,809
Delaware,Utah,127
Delaware,Virginia,1450
Delaware,Washington,70
Delaware,Wisconsin,209
Delaware,Wyoming,0
Delaware,Delaware,7800
Delaware,Maine,150
Delaware,Maryland,5374
Delaware,Massachusetts,157
Delaware,Montana,98
Delaware,Nebraska,51
Delaware,New Jersey,1923
Delaware,North Dakota,10
Delaware,Oklahoma,179
Delaware,Oregon,93
Delaware,West Virginia,362
Delaware,Puerto Rico,19
Delaware,Minnesota,78
Delaware,Rhode Island,71
Delaware,Vermont,42
Delaware,District of Columbia,234
Delaware,Total Arriving,27269
Maine,Alabama,364
Maine,Alaska,193
Maine,Arizona,481
Maine,Arkansas,138
Maine,California,1307
Maine,Colorado,589
Maine,Connecticut,562
Maine,Florida,5061
Maine,Georgia,295
Maine,Hawaii,342
Maine,Idaho,101
Maine,Illinois,503
Maine,Indiana,155
Maine,Iowa,84
Maine,Kansas,118
Maine,Kentucky,108
Maine,Louisiana,168
Maine,Michigan,316
Maine,Mississippi,74
Maine,Missouri,425
Maine,Nevada,81
Maine,New Hampshire,3291
Maine,New Mexico,135
Maine,New York,1767
Maine,North Carolina,1341
Maine,Ohio,467
Maine,Pennsylvania,1100
Maine,South Carolina,974
Maine,South Dakota,16
Maine,Tennessee,435
Maine,Texas,1130
Maine,Utah,182
Maine,Virginia,1635
Maine,Washington,721
Maine,Wisconsin,235
Maine,Wyoming,20
Maine,Delaware,141
Maine,Maine,38465
Maine,Maryland,685
Maine,Massachusetts,4250
Maine,Montana,94
Maine,Nebraska,49
Maine,New Jersey,411
Maine,North Dakota,12
Maine,Oklahoma,239
Maine,Oregon,193
Maine,West Virginia,36
Maine,Puerto Rico,21
Maine,Minnesota,163
Maine,Rhode Island,355
Maine,Vermont,753
Maine,District of Columbia,116
Maine,Total Arriving,32432
Maryland,Alabama,1480
Maryland,Alaska,517
Maryland,Arizona,1888
Maryland,Arkansas,539
Maryland,California,9805
Maryland,Colorado,2293
Maryland,Connecticut,1739
Maryland,Florida,11845
Maryland,Georgia,5119
Maryland,Hawaii,1074
Maryland,Idaho,127
Maryland,Illinois,2158
Maryland,Indiana,831
Maryland,Iowa,345
Maryland,Kansas,1058
Maryland,Kentucky,1548
Maryland,Louisiana,1004
Maryland,Michigan,1458
Maryland,Mississippi,452
Maryland,Missouri,1393
Maryland,Nevada,908
Maryland,New Hampshire,468
Maryland,New Mexico,1124
Maryland,New York,6422
Maryland,North Carolina,9942
Maryland,Ohio,3859
Maryland,Pennsylvania,17139
Maryland,South Carolina,3659
Maryland,South Dakota,87
Maryland,Tennessee,1747
Maryland,Texas,7922
Maryland,Utah,527
Maryland,Virginia,24307
Maryland,Washington,1807
Maryland,Wisconsin,688
Maryland,Wyoming,74
Maryland,Delaware,5369
Maryland,Maine,282
Maryland,Maryland,148491
Maryland,Massachusetts,3075
Maryland,Montana,83
Maryland,Nebraska,306
Maryland,New Jersey,3844
Maryland,North Dakota,223
Maryland,Oklahoma,886
Maryland,Oregon,452
Maryland,West Virginia,6158
Maryland,Puerto Rico,138
Maryland,Minnesota,1071
Maryland,Rhode Island,925
Maryland,Vermont,381
Maryland,District of Columbia,12263
Maryland,Total Arriving,162809
Massachusetts,Alabama,355
Massachusetts,Alaska,148
Massachusetts,Arizona,1464
Massachusetts,Arkansas,271
Massachusetts,California,11895
Massachusetts,Colorado,2993
Massachusetts,Connecticut,8479
Massachusetts,Florida,15175
Massachusetts,Georgia,3821
Massachusetts,Hawaii,896
Massachusetts,Idaho,217
Massachusetts,Illinois,3468
Massachusetts,Indiana,669
Massachusetts,Iowa,309
Massachusetts,Kansas,285
Massachusetts,Kentucky,632
Massachusetts,Louisiana,586
Massachusetts,Michigan,1763
Massachusetts,Mississippi,402
Massachusetts,Missouri,987
Massachusetts,Nevada,602
Massachusetts,New Hampshire,15854
Massachusetts,New Mexico,728
Massachusetts,New York,15948
Massachusetts,North Carolina,5635
Massachusetts,Ohio,2778
Massachusetts,Pennsylvania,5926
Massachusetts,South Carolina,2226
Massachusetts,South Dakota,132
Massachusetts,Tennessee,1673
Massachusetts,Texas,5439
Massachusetts,Utah,1133
Massachusetts,Virginia,4569
Massachusetts,Washington,2263
Massachusetts,Wisconsin,673
Massachusetts,Wyoming,229
Massachusetts,Delaware,638
Massachusetts,Maine,4014
Massachusetts,Maryland,3095
Massachusetts,Massachusetts,174879
Massachusetts,Montana,111
Massachusetts,Nebraska,147
Massachusetts,New Jersey,4121
Massachusetts,North Dakota,93
Massachusetts,Oklahoma,598
Massachusetts,Oregon,1336
Massachusetts,West Virginia,197
Massachusetts,Puerto Rico,1849
Massachusetts,Minnesota,729
Massachusetts,Rhode Island,8848
Massachusetts,Vermont,2962
Massachusetts,District of Columbia,1643
Massachusetts,Total Arriving,151004
Montana,Alabama,297
Montana,Alaska,527
Montana,Arizona,1581
Montana,Arkansas,305
Montana,California,2835
Montana,Colorado,2570
Montana,Connecticut,84
Montana,Florida,744
Montana,Georgia,265
Montana,Hawaii,159
Montana,Idaho,2334
Montana,Illinois,264
Montana,Indiana,93
Montana,Iowa,385
Montana,Kansas,266
Montana,Kentucky,76
Montana,Louisiana,206
Montana,Michigan,200
Montana,Mississippi,152
Montana,Missouri,478
Montana,Nevada,935
Montana,New Hampshire,215
Montana,New Mexico,435
Montana,New York,411
Montana,North Carolina,303
Montana,Ohio,287
Montana,Pennsylvania,235
Montana,South Carolina,224
Montana,South Dakota,605
Montana,Tennessee,126
Montana,Texas,1178
Montana,Utah,1519
Montana,Virginia,690
Montana,Washington,3231
Montana,Wisconsin,353
Montana,Wyoming,1820
Montana,Delaware,12
Montana,Maine,92
Montana,Maryland,35
Montana,Massachusetts,231
Montana,Montana,33237
Montana,Nebraska,169
Montana,New Jersey,99
Montana,North Dakota,1452
Montana,Oklahoma,499
Montana,Oregon,2277
Montana,West Virginia,29
Montana,Puerto Rico,0
Montana,Minnesota,928
Montana,Rhode Island,10
Montana,Vermont,169
Montana,District of Columbia,48
Montana,Total Arriving,32438
Nebraska,Alabama,218
Nebraska,Alaska,272
Nebraska,Arizona,2059
Nebraska,Arkansas,235
Nebraska,California,2274
Nebraska,Colorado,4078
Nebraska,Connecticut,22
Nebraska,Florida,1993
Nebraska,Georgia,1163
Nebraska,Hawaii,57
Nebraska,Idaho,151
Nebraska,Illinois,863
Nebraska,Indiana,589
Nebraska,Iowa,6333
Nebraska,Kansas,3084
Nebraska,Kentucky,489
Nebraska,Louisiana,345
Nebraska,Michigan,394
Nebraska,Mississippi,99
Nebraska,Missouri,2890
Nebraska,Nevada,650
Nebraska,New Hampshire,42
Nebraska,New Mexico,456
Nebraska,New York,524
Nebraska,North Carolina,651
Nebraska,Ohio,950
Nebraska,Pennsylvania,445
Nebraska,South Carolina,226
Nebraska,South Dakota,2129
Nebraska,Tennessee,455
Nebraska,Texas,3938
Nebraska,Utah,460
Nebraska,Virginia,848
Nebraska,Washington,786
Nebraska,Wisconsin,505
Nebraska,Wyoming,1539
Nebraska,Delaware,79
Nebraska,Maine,83
Nebraska,Maryland,69
Nebraska,Massachusetts,179
Nebraska,Montana,240
Nebraska,Nebraska,66207
Nebraska,New Jersey,312
Nebraska,North Dakota,395
Nebraska,Oklahoma,958
Nebraska,Oregon,640
Nebraska,West Virginia,94
Nebraska,Puerto Rico,60
Nebraska,Minnesota,1241
Nebraska,Rhode Island,141
Nebraska,Vermont,54
Nebraska,District of Columbia,85
Nebraska,Total Arriving,46842
New Jersey,Alabama,1251
New Jersey,Alaska,207
New Jersey,Arizona,2905
New Jersey,Arkansas,218
New Jersey,California,9359
New Jersey,Colorado,1780
New Jersey,Connecticut,4138
New Jersey,Florida,24504
New Jersey,Georgia,5748
New Jersey,Hawaii,530
New Jersey,Idaho,189
New Jersey,Illinois,2709
New Jersey,Indiana,1073
New Jersey,Iowa,424
New Jersey,Kansas,1136
New Jersey,Kentucky,678
New Jersey,Louisiana,513
New Jersey,Michigan,1632
New Jersey,Mississippi,653
New Jersey,Missouri,1122
New Jersey,Nevada,1148
New Jersey,New Hampshire,627
New Jersey,New Mexico,292
New Jersey,New York,36442
New Jersey,North Carolina,9683
New Jersey,Ohio,3358
New Jersey,Pennsylvania,38251
New Jersey,South Carolina,5572
New Jersey,South Dakota,120
New Jersey,Tennessee,1412
New Jersey,Texas,7054
New Jersey,Utah,362
New Jersey,Virginia,8368
New Jersey,Washington,1902
New Jersey,Wisconsin,615
New Jersey,Wyoming,50
New Jersey,Delaware,5123
New Jersey,Maine,677
New Jersey,Maryland,8028
New Jersey,Massachusetts,7081
New Jersey,Montana,240
New Jersey,Nebraska,194
New Jersey,New Jersey,186222
New Jersey,North Dakota,190
New Jersey,Oklahoma,823
New Jersey,Oregon,697
New Jersey,West Virginia,1260
New Jersey,Puerto Rico,1874
New Jersey,Minnesota,809
New Jersey,Rhode Island,1508
New Jersey,Vermont,833
New Jersey,District of Columbia,1645
New Jersey,Total Arriving,207007
North Dakota,Alabama,146
North Dakota,Alaska,109
North Dakota,Arizona,960
North Dakota,Arkansas,38
North Dakota,California,977
North Dakota,Colorado,1187
North Dakota,Connecticut,0
North Dakota,Florida,384
North Dakota,Georgia,164
North Dakota,Hawaii,18
North Dakota,Idaho,437
North Dakota,Illinois,467
North Dakota,Indiana,56
North Dakota,Iowa,1009
North Dakota,Kansas,285
North Dakota,Kentucky,71
North Dakota,Louisiana,304
North Dakota,Michigan,342
North Dakota,Mississippi,43
North Dakota,Missouri,591
North Dakota,Nevada,326
North Dakota,New Hampshire,16
North Dakota,New Mexico,142
North Dakota,New York,95
North Dakota,North Carolina,182
North Dakota,Ohio,243
North Dakota,Pennsylvania,302
North Dakota,South Carolina,230
North Dakota,South Dakota,2167
North Dakota,Tennessee,30
North Dakota,Texas,1123
North Dakota,Utah,74
North Dakota,Virginia,594
North Dakota,Washington,430
North Dakota,Wisconsin,675
North Dakota,Wyoming,202
North Dakota,Delaware,0
North Dakota,Maine,16
North Dakota,Maryland,29
North Dakota,Massachusetts,85
North Dakota,Montana,1254
North Dakota,Nebraska,504
North Dakota,New Jersey,29
North Dakota,North Dakota,22572
North Dakota,Oklahoma,420
North Dakota,Oregon,362
North Dakota,West Virginia,140
North Dakota,Puerto Rico,0
North Dakota,Minnesota,8026
North Dakota,Rhode Island,13
North Dakota,Vermont,10
North Dakota,District of Columbia,69
North Dakota,Total Arriving,25376
Oklahoma,Alabama,735
Oklahoma,Alaska,634
Oklahoma,Arizona,2320
Oklahoma,Arkansas,7826
Oklahoma,California,4918
Oklahoma,Colorado,4406
Oklahoma,Connecticut,224
Oklahoma,Florida,3314
Oklahoma,Georgia,2395
Oklahoma,Hawaii,645
Oklahoma,Idaho,362
Oklahoma,Illinois,1489
Oklahoma,Indiana,871
Oklahoma,Iowa,910
Oklahoma,Kansas,6758
Oklahoma,Kentucky,1298
Oklahoma,Louisiana,2382
Oklahoma,Michigan,1017
Oklahoma,Mississippi,762
Oklahoma,Missouri,5632
Oklahoma,Nevada,664
Oklahoma,New Hampshire,41
Oklahoma,New Mexico,943
Oklahoma,New York,1891
Oklahoma,North Carolina,1517
Oklahoma,Ohio,1205
Oklahoma,Pennsylvania,1072
Oklahoma,South Carolina,1064
Oklahoma,South Dakota,201
Oklahoma,Tennessee,1775
Oklahoma,Texas,24677
Oklahoma,Utah,808
Oklahoma,Virginia,1400
Oklahoma,Washington,1591
Oklahoma,Wisconsin,310
Oklahoma,Wyoming,484
Oklahoma,Delaware,25
Oklahoma,Maine,65
Oklahoma,Maryland,560
Oklahoma,Massachusetts,211
Oklahoma,Montana,378
Oklahoma,Nebraska,803
Oklahoma,New Jersey,605
Oklahoma,North Dakota,120
Oklahoma,Oklahoma,156399
Oklahoma,Oregon,1305
Oklahoma,West Virginia,261
Oklahoma,Puerto Rico,68
Oklahoma,Minnesota,800
Oklahoma,Rhode Island,47
Oklahoma,Vermont,10
Oklahoma,District of Columbia,26
Oklahoma,Total Arriving,93825
Oregon,Alabama,225
Oregon,Alaska,2000
Oregon,Arizona,6544
Oregon,Arkansas,547
Oregon,California,20034
Oregon,Colorado,3470
Oregon,Connecticut,290
Oregon,Florida,3096
Oregon,Georgia,864
Oregon,Hawaii,1589
Oregon,Idaho,4884
Oregon,Illinois,1142
Oregon,Indiana,535
Oregon,Iowa,670
Oregon,Kansas,556
Oregon,Kentucky,262
Oregon,Louisiana,922
Oregon,Michigan,861
Oregon,Mississippi,138
Oregon,Missouri,843
Oregon,Nevada,2501
Oregon,New Hampshire,237
Oregon,New Mexico,1127
Oregon,New York,1632
Oregon,North Carolina,1507
Oregon,Ohio,927
Oregon,Pennsylvania,1310
Oregon,South Carolina,650
Oregon,South Dakota,327
Oregon,Tennessee,746
Oregon,Texas,4110
Oregon,Utah,2931
Oregon,Virginia,1619
Oregon,Washington,26450
Oregon,Wisconsin,975
Oregon,Wyoming,903
Oregon,Delaware,14
Oregon,Maine,218
Oregon,Maryland,459
Oregon,Massachusetts,596
Oregon,Montana,2198
Oregon,Nebraska,411
Oregon,New Jersey,524
Oregon,North Dakota,538
Oregon,Oklahoma,1154
Oregon,Oregon,131021
Oregon,West Virginia,53
Oregon,Puerto Rico,0
Oregon,Minnesota,1206
Oregon,Rhode Island,45
Oregon,Vermont,89
Oregon,District of Columbia,279
Oregon,Total Arriving,105208
West Virginia,Alabama,124
West Virginia,Alaska,87
West Virginia,Arizona,517
West Virginia,Arkansas,67
West Virginia,California,1124
West Virginia,Colorado,477
West Virginia,Connecticut,139
West Virginia,Florida,4363
West Virginia,Georgia,912
West Virginia,Hawaii,152
West Virginia,Idaho,35
West Virginia,Illinois,774
West Virginia,Indiana,519
West Virginia,Iowa,66
West Virginia,Kansas,97
West Virginia,Kentucky,2666
West Virginia,Louisiana,286
West Virginia,Michigan,302
West Virginia,Mississippi,150
West Virginia,Missouri,428
West Virginia,Nevada,66
West Virginia,New Hampshire,141
West Virginia,New Mexico,60
West Virginia,New York,783
West Virginia,North Carolina,3528
West Virginia,Ohio,7679
West Virginia,Pennsylvania,4766
West Virginia,South Carolina,1262
West Virginia,South Dakota,36
West Virginia,Tennessee,1657
West Virginia,Texas,1336
West Virginia,Utah,93
West Virginia,Virginia,5879
West Virginia,Washington,242
West Virginia,Wisconsin,372
West Virginia,Wyoming,0
West Virginia,Delaware,101
West Virginia,Maine,174
West Virginia,Maryland,3547
West Virginia,Massachusetts,360
West Virginia,Montana,72
West Virginia,Nebraska,70
West Virginia,New Jersey,486
West Virginia,North Dakota,26
West Virginia,Oklahoma,256
West Virginia,Oregon,352
West Virginia,West Virginia,45451
West Virginia,Puerto Rico,31
West Virginia,Minnesota,236
West Virginia,Rhode Island,115
West Virginia,Vermont,6
West Virginia,District of Columbia,334
West Virginia,Total Arriving,47351
Puerto Rico,Alabama,624
Puerto Rico,Alaska,234
Puerto Rico,Arizona,815
Puerto Rico,Arkansas,188
Puerto Rico,California,2122
Puerto Rico,Colorado,631
Puerto Rico,Connecticut,2912
Puerto Rico,Florida,17986
Puerto Rico,Georgia,2087
Puerto Rico,Hawaii,164
Puerto Rico,Idaho,106
Puerto Rico,Illinois,1639
Puerto Rico,Indiana,252
Puerto Rico,Iowa,219
Puerto Rico,Kansas,298
Puerto Rico,Kentucky,666
Puerto Rico,Louisiana,450
Puerto Rico,Michigan,856
Puerto Rico,Mississippi,264
Puerto Rico,Missouri,575
Puerto Rico,Nevada,678
Puerto Rico,New Hampshire,67
Puerto Rico,New Mexico,282
Puerto Rico,New York,7410
Puerto Rico,North Carolina,1612
Puerto Rico,Ohio,2078
Puerto Rico,Pennsylvania,5706
Puerto Rico,South Carolina,950
Puerto Rico,South Dakota,41
Puerto Rico,Tennessee,350
Puerto Rico,Texas,4686
Puerto Rico,Utah,265
Puerto Rico,Virginia,1517
Puerto Rico,Washington,517
Puerto Rico,Wisconsin,618
Puerto Rico,Wyoming,14
Puerto Rico,Delaware,503
Puerto Rico,Maine,58
Puerto Rico,Maryland,748
Puerto Rico,Massachusetts,3277
Puerto Rico,Montana,76
Puerto Rico,Nebraska,110
Puerto Rico,New Jersey,3936
Puerto Rico,North Dakota,8
Puerto Rico,Oklahoma,204
Puerto Rico,Oregon,318
Puerto Rico,West Virginia,346
Puerto Rico,Puerto Rico,91890
Puerto Rico,Minnesota,306
Puerto Rico,Rhode Island,384
Puerto Rico,Vermont,4
Puerto Rico,District of Columbia,34
Puerto Rico,Total Arriving,70191
Minnesota,Alabama,470
Minnesota,Alaska,598
Minnesota,Arizona,5766
Minnesota,Arkansas,386
Minnesota,California,6763
Minnesota,Colorado,3488
Minnesota,Connecticut,488
Minnesota,Florida,5182
Minnesota,Georgia,1698
Minnesota,Hawaii,605
Minnesota,Idaho,535
Minnesota,Illinois,5066
Minnesota,Indiana,1204
Minnesota,Iowa,7028
Minnesota,Kansas,1288
Minnesota,Kentucky,821
Minnesota,Louisiana,586
Minnesota,Michigan,1601
Minnesota,Mississippi,539
Minnesota,Missouri,2191
Minnesota,Nevada,1108
Minnesota,New Hampshire,88
Minnesota,New Mexico,345
Minnesota,New York,1637
Minnesota,North Carolina,1610
Minnesota,Ohio,1793
Minnesota,Pennsylvania,1111
Minnesota,South Carolina,837
Minnesota,South Dakota,4930
Minnesota,Tennessee,1269
Minnesota,Texas,6189
Minnesota,Utah,755
Minnesota,Virginia,1199
Minnesota,Washington,2250
Minnesota,Wisconsin,17436
Minnesota,Wyoming,373
Minnesota,Delaware,179
Minnesota,Maine,264
Minnesota,Maryland,936
Minnesota,Massachusetts,1175
Minnesota,Montana,743
Minnesota,Nebraska,1626
Minnesota,New Jersey,773
Minnesota,North Dakota,13750
Minnesota,Oklahoma,824
Minnesota,Oregon,1597
Minnesota,West Virginia,64
Minnesota,Puerto Rico,15
Minnesota,Minnesota,233308
Minnesota,Rhode Island,175
Minnesota,Vermont,125
Minnesota,District of Columbia,243
Minnesota,Total Arriving,111722
Rhode Island,Alabama,105
Rhode Island,Alaska,0
Rhode Island,Arizona,386
Rhode Island,Arkansas,23
Rhode Island,California,1406
Rhode Island,Colorado,334
Rhode Island,Connecticut,2410
Rhode Island,Florida,3406
Rhode Island,Georgia,403
Rhode Island,Hawaii,145
Rhode Island,Idaho,10
Rhode Island,Illinois,577
Rhode Island,Indiana,96
Rhode Island,Iowa,18
Rhode Island,Kansas,112
Rhode Island,Kentucky,129
Rhode Island,Louisiana,249
Rhode Island,Michigan,378
Rhode Island,Mississippi,114
Rhode Island,Missouri,250
Rhode Island,Nevada,171
Rhode Island,New Hampshire,1085
Rhode Island,New Mexico,10
Rhode Island,New York,2525
Rhode Island,North Carolina,511
Rhode Island,Ohio,601
Rhode Island,Pennsylvania,896
Rhode Island,South Carolina,551
Rhode Island,South Dakota,2
Rhode Island,Tennessee,256
Rhode Island,Texas,1410
Rhode Island,Utah,242
Rhode Island,Virginia,1438
Rhode Island,Washington,328
Rhode Island,Wisconsin,213
Rhode Island,Wyoming,27
Rhode Island,Delaware,94
Rhode Island,Maine,550
Rhode Island,Maryland,394
Rhode Island,Massachusetts,7570
Rhode Island,Montana,12
Rhode Island,Nebraska,0
Rhode Island,New Jersey,460
Rhode Island,North Dakota,39
Rhode Island,Oklahoma,157
Rhode Island,Oregon,61
Rhode Island,West Virginia,115
Rhode Island,Puerto Rico,439
Rhode Island,Minnesota,128
Rhode Island,Rhode Island,17234
Rhode Island,Vermont,321
Rhode Island,District of Columbia,454
Rhode Island,Total Arriving,31611
Vermont,Alabama,25
Vermont,Alaska,141
Vermont,Arizona,273
Vermont,Arkansas,0
Vermont,California,767
Vermont,Colorado,574
Vermont,Connecticut,700
Vermont,Florida,1874
Vermont,Georgia,228
Vermont,Hawaii,83
Vermont,Idaho,0
Vermont,Illinois,329
Vermont,Indiana,292
Vermont,Iowa,82
Vermont,Kansas,43
Vermont,Kentucky,173
Vermont,Louisiana,36
Vermont,Michigan,105
Vermont,Mississippi,0
Vermont,Missouri,235
Vermont,Nevada,94
Vermont,New Hampshire,2425
Vermont,New Mexico,116
Vermont,New York,3352
Vermont,North Carolina,837
Vermont,Ohio,277
Vermont,Pennsylvania,454
Vermont,South Carolina,306
Vermont,South Dakota,74
Vermont,Tennessee,82
Vermont,Texas,176
Vermont,Utah,88
Vermont,Virginia,556
Vermont,Washington,205
Vermont,Wisconsin,175
Vermont,Wyoming,32
Vermont,Delaware,0
Vermont,Maine,707
Vermont,Maryland,474
Vermont,Massachusetts,2154
Vermont,Montana,78
Vermont,Nebraska,102
Vermont,New Jersey,167
Vermont,North Dakota,194
Vermont,Oklahoma,99
Vermont,Oregon,281
Vermont,West Virginia,125
Vermont,Puerto Rico,0
Vermont,Minnesota,160
Vermont,Rhode Island,383
Vermont,Vermont,12504
Vermont,District of Columbia,210
Vermont,Total Arriving,20343
District of Columbia,Alabama,222
District of Columbia,Alaska,169
District of Columbia,Arizona,247
District of Columbia,Arkansas,173
District of Columbia,California,3259
District of Columbia,Colorado,469
District of Columbia,Connecticut,358
District of Columbia,Florida,1272
District of Columbia,Georgia,1017
District of Columbia,Hawaii,172
District of Columbia,Idaho,89
District of Columbia,Illinois,1173
District of Columbia,Indiana,520
District of Columbia,Iowa,93
District of Columbia,Kansas,178
District of Columbia,Kentucky,225
District of Columbia,Louisiana,327
District of Columbia,Michigan,361
District of Columbia,Mississippi,140
District of Columbia,Missouri,412
District of Columbia,Nevada,349
District of Columbia,New Hampshire,116
District of Columbia,New Mexico,119
District of Columbia,New York,3272
District of Columbia,North Carolina,1648
District of Columbia,Ohio,495
District of Columbia,Pennsylvania,1959
District of Columbia,South Carolina,336
District of Columbia,South Dakota,5
District of Columbia,Tennessee,524
District of Columbia,Texas,1247
District of Columbia,Utah,119
District of Columbia,Virginia,9165
District of Columbia,Washington,484
District of Columbia,Wisconsin,47
District of Columbia,Wyoming,0
District of Columbia,Delaware,187
District of Columbia,Maine,57
District of Columbia,Maryland,20519
District of Columbia,Massachusetts,1084
District of Columbia,Montana,6
District of Columbia,Nebraska,24
District of Columbia,New Jersey,778
District of Columbia,North Dakota,53
District of Columbia,Oklahoma,80
District of Columbia,Oregon,378
District of Columbia,West Virginia,372
District of Columbia,Puerto Rico,43
District of Columbia,Minnesota,226
District of Columbia,Rhode Island,109
District of Columbia,Vermont,96
District of Columbia,District of Columbia,0
District of Columbia,Total Arriving,54773
Total Leaving,Alabama,0
Total Leaving,Alaska,35735
Total Leaving,Arizona,226763
Total Leaving,Arkansas,75999
Total Leaving,California,473266
Total Leaving,Colorado,196957
Total Leaving,Connecticut,82065
Total Leaving,Florida,518460
Total Leaving,Georgia,270241
Total Leaving,Hawaii,55654
Total Leaving,Idaho,58524
Total Leaving,Illinois,215461
Total Leaving,Indiana,132082
Total Leaving,Iowa,74894
Total Leaving,Kansas,92478
Total Leaving,Kentucky,112860
Total Leaving,Louisiana,95523
Total Leaving,Michigan,130199
Total Leaving,Mississippi,70907
Total Leaving,Missouri,153605
Total Leaving,Nevada,114794
Total Leaving,New Hampshire,41499
Total Leaving,New Mexico,61828
Total Leaving,New York,282677
Total Leaving,North Carolina,268439
Total Leaving,Ohio,184712
Total Leaving,Pennsylvania,235275
Total Leaving,South Carolina,157577
Total Leaving,South Dakota,27509
Total Leaving,Tennessee,172344
Total Leaving,Texas,518580
Total Leaving,Utah,86159
Total Leaving,Virginia,259094
Total Leaving,Washington,201998
Total Leaving,Wisconsin,100424
Total Leaving,Wyoming,29871
Total Leaving,Delaware,34599
Total Leaving,Maine,29685
Total Leaving,Maryland,159516
Total Leaving,Massachusetts,144041
Total Leaving,Montana,35581
Total Leaving,Nebraska,49229
Total Leaving,New Jersey,136810
Total Leaving,North Dakota,34434
Total Leaving,Oklahoma,110386
Total Leaving,Oregon,126199
Total Leaving,West Virginia,48868
Total Leaving,Puerto Rico,25705
Total Leaving,Minnesota,98354
Total Leaving,Rhode Island,32362
Total Leaving,Vermont,22466
Total Leaving,District of Columbia,48752